source,output,num_pairs,relaxation
/root/autodl-tmp/benchmark_sources/pdptw-data/100/lc101.txt,data/li_lim_relaxed/lc101_relaxed_pdp.pkl,53,single_vehicle_distance_only_ignore_time_windows_capacity_vehicle_count
/root/autodl-tmp/benchmark_sources/pdptw-data/100/lc102.txt,data/li_lim_relaxed/lc102_relaxed_pdp.pkl,53,single_vehicle_distance_only_ignore_time_windows_capacity_vehicle_count
/root/autodl-tmp/benchmark_sources/pdptw-data/100/lc103.txt,data/li_lim_relaxed/lc103_relaxed_pdp.pkl,52,single_vehicle_distance_only_ignore_time_windows_capacity_vehicle_count
/root/autodl-tmp/benchmark_sources/pdptw-data/100/lc104.txt,data/li_lim_relaxed/lc104_relaxed_pdp.pkl,53,single_vehicle_distance_only_ignore_time_windows_capacity_vehicle_count
/root/autodl-tmp/benchmark_sources/pdptw-data/100/lc105.txt,data/li_lim_relaxed/lc105_relaxed_pdp.pkl,53,single_vehicle_distance_only_ignore_time_windows_capacity_vehicle_count
/root/autodl-tmp/benchmark_sources/pdptw-data/100/lc106.txt,data/li_lim_relaxed/lc106_relaxed_pdp.pkl,53,single_vehicle_distance_only_ignore_time_windows_capacity_vehicle_count
/root/autodl-tmp/benchmark_sources/pdptw-data/100/lc107.txt,data/li_lim_relaxed/lc107_relaxed_pdp.pkl,53,single_vehicle_distance_only_ignore_time_windows_capacity_vehicle_count
/root/autodl-tmp/benchmark_sources/pdptw-data/100/lc108.txt,data/li_lim_relaxed/lc108_relaxed_pdp.pkl,53,single_vehicle_distance_only_ignore_time_windows_capacity_vehicle_count
/root/autodl-tmp/benchmark_sources/pdptw-data/100/lc109.txt,data/li_lim_relaxed/lc109_relaxed_pdp.pkl,53,single_vehicle_distance_only_ignore_time_windows_capacity_vehicle_count
/root/autodl-tmp/benchmark_sources/pdptw-data/100/lc201.txt,data/li_lim_relaxed/lc201_relaxed_pdp.pkl,51,single_vehicle_distance_only_ignore_time_windows_capacity_vehicle_count
/root/autodl-tmp/benchmark_sources/pdptw-data/100/lc202.txt,data/li_lim_relaxed/lc202_relaxed_pdp.pkl,51,single_vehicle_distance_only_ignore_time_windows_capacity_vehicle_count
/root/autodl-tmp/benchmark_sources/pdptw-data/100/lc203.txt,data/li_lim_relaxed/lc203_relaxed_pdp.pkl,51,single_vehicle_distance_only_ignore_time_windows_capacity_vehicle_count
/root/autodl-tmp/benchmark_sources/pdptw-data/100/lc204.txt,data/li_lim_relaxed/lc204_relaxed_pdp.pkl,51,single_vehicle_distance_only_ignore_time_windows_capacity_vehicle_count
/root/autodl-tmp/benchmark_sources/pdptw-data/100/lc205.txt,data/li_lim_relaxed/lc205_relaxed_pdp.pkl,51,single_vehicle_distance_only_ignore_time_windows_capacity_vehicle_count
/root/autodl-tmp/benchmark_sources/pdptw-data/100/lc206.txt,data/li_lim_relaxed/lc206_relaxed_pdp.pkl,51,single_vehicle_distance_only_ignore_time_windows_capacity_vehicle_count
/root/autodl-tmp/benchmark_sources/pdptw-data/100/lc207.txt,data/li_lim_relaxed/lc207_relaxed_pdp.pkl,51,single_vehicle_distance_only_ignore_time_windows_capacity_vehicle_count
/root/autodl-tmp/benchmark_sources/pdptw-data/100/lc208.txt,data/li_lim_relaxed/lc208_relaxed_pdp.pkl,51,single_vehicle_distance_only_ignore_time_windows_capacity_vehicle_count
/root/autodl-tmp/benchmark_sources/pdptw-data/100/lr101.txt,data/li_lim_relaxed/lr101_relaxed_pdp.pkl,53,single_vehicle_distance_only_ignore_time_windows_capacity_vehicle_count
/root/autodl-tmp/benchmark_sources/pdptw-data/100/lr102.txt,data/li_lim_relaxed/lr102_relaxed_pdp.pkl,55,single_vehicle_distance_only_ignore_time_windows_capacity_vehicle_count
/root/autodl-tmp/benchmark_sources/pdptw-data/100/lr103.txt,data/li_lim_relaxed/lr103_relaxed_pdp.pkl,52,single_vehicle_distance_only_ignore_time_windows_capacity_vehicle_count
/root/autodl-tmp/benchmark_sources/pdptw-data/100/lr104.txt,data/li_lim_relaxed/lr104_relaxed_pdp.pkl,52,single_vehicle_distance_only_ignore_time_windows_capacity_vehicle_count
/root/autodl-tmp/benchmark_sources/pdptw-data/100/lr105.txt,data/li_lim_relaxed/lr105_relaxed_pdp.pkl,53,single_vehicle_distance_only_ignore_time_windows_capacity_vehicle_count
/root/autodl-tmp/benchmark_sources/pdptw-data/100/lr106.txt,data/li_lim_relaxed/lr106_relaxed_pdp.pkl,52,single_vehicle_distance_only_ignore_time_windows_capacity_vehicle_count
/root/autodl-tmp/benchmark_sources/pdptw-data/100/lr107.txt,data/li_lim_relaxed/lr107_relaxed_pdp.pkl,52,single_vehicle_distance_only_ignore_time_windows_capacity_vehicle_count
/root/autodl-tmp/benchmark_sources/pdptw-data/100/lr108.txt,data/li_lim_relaxed/lr108_relaxed_pdp.pkl,50,single_vehicle_distance_only_ignore_time_windows_capacity_vehicle_count
/root/autodl-tmp/benchmark_sources/pdptw-data/100/lr109.txt,data/li_lim_relaxed/lr109_relaxed_pdp.pkl,53,single_vehicle_distance_only_ignore_time_windows_capacity_vehicle_count
/root/autodl-tmp/benchmark_sources/pdptw-data/100/lr110.txt,data/li_lim_relaxed/lr110_relaxed_pdp.pkl,52,single_vehicle_distance_only_ignore_time_windows_capacity_vehicle_count
/root/autodl-tmp/benchmark_sources/pdptw-data/100/lr111.txt,data/li_lim_relaxed/lr111_relaxed_pdp.pkl,54,single_vehicle_distance_only_ignore_time_windows_capacity_vehicle_count
/root/autodl-tmp/benchmark_sources/pdptw-data/100/lr112.txt,data/li_lim_relaxed/lr112_relaxed_pdp.pkl,53,single_vehicle_distance_only_ignore_time_windows_capacity_vehicle_count
/root/autodl-tmp/benchmark_sources/pdptw-data/100/lr201.txt,data/li_lim_relaxed/lr201_relaxed_pdp.pkl,51,single_vehicle_distance_only_ignore_time_windows_capacity_vehicle_count
/root/autodl-tmp/benchmark_sources/pdptw-data/100/lr202.txt,data/li_lim_relaxed/lr202_relaxed_pdp.pkl,50,single_vehicle_distance_only_ignore_time_windows_capacity_vehicle_count
/root/autodl-tmp/benchmark_sources/pdptw-data/100/lr203.txt,data/li_lim_relaxed/lr203_relaxed_pdp.pkl,51,single_vehicle_distance_only_ignore_time_windows_capacity_vehicle_count
/root/autodl-tmp/benchmark_sources/pdptw-data/100/lr204.txt,data/li_lim_relaxed/lr204_relaxed_pdp.pkl,50,single_vehicle_distance_only_ignore_time_windows_capacity_vehicle_count
/root/autodl-tmp/benchmark_sources/pdptw-data/100/lr205.txt,data/li_lim_relaxed/lr205_relaxed_pdp.pkl,51,single_vehicle_distance_only_ignore_time_windows_capacity_vehicle_count
/root/autodl-tmp/benchmark_sources/pdptw-data/100/lr206.txt,data/li_lim_relaxed/lr206_relaxed_pdp.pkl,50,single_vehicle_distance_only_ignore_time_windows_capacity_vehicle_count
/root/autodl-tmp/benchmark_sources/pdptw-data/100/lr207.txt,data/li_lim_relaxed/lr207_relaxed_pdp.pkl,51,single_vehicle_distance_only_ignore_time_windows_capacity_vehicle_count
/root/autodl-tmp/benchmark_sources/pdptw-data/100/lr208.txt,data/li_lim_relaxed/lr208_relaxed_pdp.pkl,50,single_vehicle_distance_only_ignore_time_windows_capacity_vehicle_count
/root/autodl-tmp/benchmark_sources/pdptw-data/100/lr209.txt,data/li_lim_relaxed/lr209_relaxed_pdp.pkl,51,single_vehicle_distance_only_ignore_time_windows_capacity_vehicle_count
/root/autodl-tmp/benchmark_sources/pdptw-data/100/lr210.txt,data/li_lim_relaxed/lr210_relaxed_pdp.pkl,51,single_vehicle_distance_only_ignore_time_windows_capacity_vehicle_count
/root/autodl-tmp/benchmark_sources/pdptw-data/100/lr211.txt,data/li_lim_relaxed/lr211_relaxed_pdp.pkl,50,single_vehicle_distance_only_ignore_time_windows_capacity_vehicle_count
/root/autodl-tmp/benchmark_sources/pdptw-data/100/lrc101.txt,data/li_lim_relaxed/lrc101_relaxed_pdp.pkl,53,single_vehicle_distance_only_ignore_time_windows_capacity_vehicle_count
/root/autodl-tmp/benchmark_sources/pdptw-data/100/lrc102.txt,data/li_lim_relaxed/lrc102_relaxed_pdp.pkl,53,single_vehicle_distance_only_ignore_time_windows_capacity_vehicle_count
/root/autodl-tmp/benchmark_sources/pdptw-data/100/lrc103.txt,data/li_lim_relaxed/lrc103_relaxed_pdp.pkl,53,single_vehicle_distance_only_ignore_time_windows_capacity_vehicle_count
/root/autodl-tmp/benchmark_sources/pdptw-data/100/lrc104.txt,data/li_lim_relaxed/lrc104_relaxed_pdp.pkl,54,single_vehicle_distance_only_ignore_time_windows_capacity_vehicle_count
/root/autodl-tmp/benchmark_sources/pdptw-data/100/lrc105.txt,data/li_lim_relaxed/lrc105_relaxed_pdp.pkl,54,single_vehicle_distance_only_ignore_time_windows_capacity_vehicle_count
/root/autodl-tmp/benchmark_sources/pdptw-data/100/lrc106.txt,data/li_lim_relaxed/lrc106_relaxed_pdp.pkl,53,single_vehicle_distance_only_ignore_time_windows_capacity_vehicle_count
/root/autodl-tmp/benchmark_sources/pdptw-data/100/lrc107.txt,data/li_lim_relaxed/lrc107_relaxed_pdp.pkl,53,single_vehicle_distance_only_ignore_time_windows_capacity_vehicle_count
/root/autodl-tmp/benchmark_sources/pdptw-data/100/lrc108.txt,data/li_lim_relaxed/lrc108_relaxed_pdp.pkl,52,single_vehicle_distance_only_ignore_time_windows_capacity_vehicle_count
/root/autodl-tmp/benchmark_sources/pdptw-data/100/lrc201.txt,data/li_lim_relaxed/lrc201_relaxed_pdp.pkl,51,single_vehicle_distance_only_ignore_time_windows_capacity_vehicle_count
/root/autodl-tmp/benchmark_sources/pdptw-data/100/lrc202.txt,data/li_lim_relaxed/lrc202_relaxed_pdp.pkl,51,single_vehicle_distance_only_ignore_time_windows_capacity_vehicle_count
/root/autodl-tmp/benchmark_sources/pdptw-data/100/lrc203.txt,data/li_lim_relaxed/lrc203_relaxed_pdp.pkl,51,single_vehicle_distance_only_ignore_time_windows_capacity_vehicle_count
/root/autodl-tmp/benchmark_sources/pdptw-data/100/lrc204.txt,data/li_lim_relaxed/lrc204_relaxed_pdp.pkl,51,single_vehicle_distance_only_ignore_time_windows_capacity_vehicle_count
/root/autodl-tmp/benchmark_sources/pdptw-data/100/lrc205.txt,data/li_lim_relaxed/lrc205_relaxed_pdp.pkl,51,single_vehicle_distance_only_ignore_time_windows_capacity_vehicle_count
/root/autodl-tmp/benchmark_sources/pdptw-data/100/lrc206.txt,data/li_lim_relaxed/lrc206_relaxed_pdp.pkl,51,single_vehicle_distance_only_ignore_time_windows_capacity_vehicle_count
/root/autodl-tmp/benchmark_sources/pdptw-data/100/lrc207.txt,data/li_lim_relaxed/lrc207_relaxed_pdp.pkl,51,single_vehicle_distance_only_ignore_time_windows_capacity_vehicle_count
/root/autodl-tmp/benchmark_sources/pdptw-data/100/lrc208.txt,data/li_lim_relaxed/lrc208_relaxed_pdp.pkl,51,single_vehicle_distance_only_ignore_time_windows_capacity_vehicle_count
/root/autodl-tmp/benchmark_sources/pdptw-data/200/lc1_2_1.txt,data/li_lim_relaxed/lc1_2_1_relaxed_pdp.pkl,106,single_vehicle_distance_only_ignore_time_windows_capacity_vehicle_count
/root/autodl-tmp/benchmark_sources/pdptw-data/200/lc1_2_10.txt,data/li_lim_relaxed/lc1_2_10_relaxed_pdp.pkl,104,single_vehicle_distance_only_ignore_time_windows_capacity_vehicle_count
/root/autodl-tmp/benchmark_sources/pdptw-data/200/lc1_2_2.txt,data/li_lim_relaxed/lc1_2_2_relaxed_pdp.pkl,105,single_vehicle_distance_only_ignore_time_windows_capacity_vehicle_count
/root/autodl-tmp/benchmark_sources/pdptw-data/200/lc1_2_3.txt,data/li_lim_relaxed/lc1_2_3_relaxed_pdp.pkl,103,single_vehicle_distance_only_ignore_time_windows_capacity_vehicle_count
/root/autodl-tmp/benchmark_sources/pdptw-data/200/lc1_2_4.txt,data/li_lim_relaxed/lc1_2_4_relaxed_pdp.pkl,105,single_vehicle_distance_only_ignore_time_windows_capacity_vehicle_count
/root/autodl-tmp/benchmark_sources/pdptw-data/200/lc1_2_5.txt,data/li_lim_relaxed/lc1_2_5_relaxed_pdp.pkl,107,single_vehicle_distance_only_ignore_time_windows_capacity_vehicle_count
/root/autodl-tmp/benchmark_sources/pdptw-data/200/lc1_2_6.txt,data/li_lim_relaxed/lc1_2_6_relaxed_pdp.pkl,107,single_vehicle_distance_only_ignore_time_windows_capacity_vehicle_count
/root/autodl-tmp/benchmark_sources/pdptw-data/200/lc1_2_7.txt,data/li_lim_relaxed/lc1_2_7_relaxed_pdp.pkl,107,single_vehicle_distance_only_ignore_time_windows_capacity_vehicle_count
/root/autodl-tmp/benchmark_sources/pdptw-data/200/lc1_2_8.txt,data/li_lim_relaxed/lc1_2_8_relaxed_pdp.pkl,105,single_vehicle_distance_only_ignore_time_windows_capacity_vehicle_count
/root/autodl-tmp/benchmark_sources/pdptw-data/200/lc1_2_9.txt,data/li_lim_relaxed/lc1_2_9_relaxed_pdp.pkl,105,single_vehicle_distance_only_ignore_time_windows_capacity_vehicle_count
/root/autodl-tmp/benchmark_sources/pdptw-data/200/lc2_2_1.txt,data/li_lim_relaxed/lc2_2_1_relaxed_pdp.pkl,102,single_vehicle_distance_only_ignore_time_windows_capacity_vehicle_count
/root/autodl-tmp/benchmark_sources/pdptw-data/200/lc2_2_10.txt,data/li_lim_relaxed/lc2_2_10_relaxed_pdp.pkl,101,single_vehicle_distance_only_ignore_time_windows_capacity_vehicle_count
/root/autodl-tmp/benchmark_sources/pdptw-data/200/lc2_2_2.txt,data/li_lim_relaxed/lc2_2_2_relaxed_pdp.pkl,102,single_vehicle_distance_only_ignore_time_windows_capacity_vehicle_count
/root/autodl-tmp/benchmark_sources/pdptw-data/200/lc2_2_3.txt,data/li_lim_relaxed/lc2_2_3_relaxed_pdp.pkl,101,single_vehicle_distance_only_ignore_time_windows_capacity_vehicle_count
/root/autodl-tmp/benchmark_sources/pdptw-data/200/lc2_2_4.txt,data/li_lim_relaxed/lc2_2_4_relaxed_pdp.pkl,102,single_vehicle_distance_only_ignore_time_windows_capacity_vehicle_count
/root/autodl-tmp/benchmark_sources/pdptw-data/200/lc2_2_5.txt,data/li_lim_relaxed/lc2_2_5_relaxed_pdp.pkl,101,single_vehicle_distance_only_ignore_time_windows_capacity_vehicle_count
/root/autodl-tmp/benchmark_sources/pdptw-data/200/lc2_2_6.txt,data/li_lim_relaxed/lc2_2_6_relaxed_pdp.pkl,101,single_vehicle_distance_only_ignore_time_windows_capacity_vehicle_count
/root/autodl-tmp/benchmark_sources/pdptw-data/200/lc2_2_7.txt,data/li_lim_relaxed/lc2_2_7_relaxed_pdp.pkl,101,single_vehicle_distance_only_ignore_time_windows_capacity_vehicle_count
/root/autodl-tmp/benchmark_sources/pdptw-data/200/lc2_2_8.txt,data/li_lim_relaxed/lc2_2_8_relaxed_pdp.pkl,102,single_vehicle_distance_only_ignore_time_windows_capacity_vehicle_count
/root/autodl-tmp/benchmark_sources/pdptw-data/200/lc2_2_9.txt,data/li_lim_relaxed/lc2_2_9_relaxed_pdp.pkl,101,single_vehicle_distance_only_ignore_time_windows_capacity_vehicle_count
/root/autodl-tmp/benchmark_sources/pdptw-data/200/lr1_2_1.txt,data/li_lim_relaxed/lr1_2_1_relaxed_pdp.pkl,105,single_vehicle_distance_only_ignore_time_windows_capacity_vehicle_count
/root/autodl-tmp/benchmark_sources/pdptw-data/200/lr1_2_10.txt,data/li_lim_relaxed/lr1_2_10_relaxed_pdp.pkl,104,single_vehicle_distance_only_ignore_time_windows_capacity_vehicle_count
/root/autodl-tmp/benchmark_sources/pdptw-data/200/lr1_2_2.txt,data/li_lim_relaxed/lr1_2_2_relaxed_pdp.pkl,105,single_vehicle_distance_only_ignore_time_windows_capacity_vehicle_count
/root/autodl-tmp/benchmark_sources/pdptw-data/200/lr1_2_3.txt,data/li_lim_relaxed/lr1_2_3_relaxed_pdp.pkl,104,single_vehicle_distance_only_ignore_time_windows_capacity_vehicle_count
/root/autodl-tmp/benchmark_sources/pdptw-data/200/lr1_2_4.txt,data/li_lim_relaxed/lr1_2_4_relaxed_pdp.pkl,105,single_vehicle_distance_only_ignore_time_windows_capacity_vehicle_count
/root/autodl-tmp/benchmark_sources/pdptw-data/200/lr1_2_5.txt,data/li_lim_relaxed/lr1_2_5_relaxed_pdp.pkl,106,single_vehicle_distance_only_ignore_time_windows_capacity_vehicle_count
/root/autodl-tmp/benchmark_sources/pdptw-data/200/lr1_2_6.txt,data/li_lim_relaxed/lr1_2_6_relaxed_pdp.pkl,107,single_vehicle_distance_only_ignore_time_windows_capacity_vehicle_count
/root/autodl-tmp/benchmark_sources/pdptw-data/200/lr1_2_7.txt,data/li_lim_relaxed/lr1_2_7_relaxed_pdp.pkl,103,single_vehicle_distance_only_ignore_time_windows_capacity_vehicle_count
/root/autodl-tmp/benchmark_sources/pdptw-data/200/lr1_2_8.txt,data/li_lim_relaxed/lr1_2_8_relaxed_pdp.pkl,103,single_vehicle_distance_only_ignore_time_windows_capacity_vehicle_count
/root/autodl-tmp/benchmark_sources/pdptw-data/200/lr1_2_9.txt,data/li_lim_relaxed/lr1_2_9_relaxed_pdp.pkl,105,single_vehicle_distance_only_ignore_time_windows_capacity_vehicle_count
/root/autodl-tmp/benchmark_sources/pdptw-data/200/lr2_2_1.txt,data/li_lim_relaxed/lr2_2_1_relaxed_pdp.pkl,101,single_vehicle_distance_only_ignore_time_windows_capacity_vehicle_count
/root/autodl-tmp/benchmark_sources/pdptw-data/200/lr2_2_10.txt,data/li_lim_relaxed/lr2_2_10_relaxed_pdp.pkl,101,single_vehicle_distance_only_ignore_time_windows_capacity_vehicle_count
/root/autodl-tmp/benchmark_sources/pdptw-data/200/lr2_2_2.txt,data/li_lim_relaxed/lr2_2_2_relaxed_pdp.pkl,101,single_vehicle_distance_only_ignore_time_windows_capacity_vehicle_count
/root/autodl-tmp/benchmark_sources/pdptw-data/200/lr2_2_3.txt,data/li_lim_relaxed/lr2_2_3_relaxed_pdp.pkl,101,single_vehicle_distance_only_ignore_time_windows_capacity_vehicle_count
/root/autodl-tmp/benchmark_sources/pdptw-data/200/lr2_2_4.txt,data/li_lim_relaxed/lr2_2_4_relaxed_pdp.pkl,101,single_vehicle_distance_only_ignore_time_windows_capacity_vehicle_count
/root/autodl-tmp/benchmark_sources/pdptw-data/200/lr2_2_5.txt,data/li_lim_relaxed/lr2_2_5_relaxed_pdp.pkl,102,single_vehicle_distance_only_ignore_time_windows_capacity_vehicle_count
/root/autodl-tmp/benchmark_sources/pdptw-data/200/lr2_2_6.txt,data/li_lim_relaxed/lr2_2_6_relaxed_pdp.pkl,100,single_vehicle_distance_only_ignore_time_windows_capacity_vehicle_count
/root/autodl-tmp/benchmark_sources/pdptw-data/200/lr2_2_7.txt,data/li_lim_relaxed/lr2_2_7_relaxed_pdp.pkl,101,single_vehicle_distance_only_ignore_time_windows_capacity_vehicle_count
/root/autodl-tmp/benchmark_sources/pdptw-data/200/lr2_2_8.txt,data/li_lim_relaxed/lr2_2_8_relaxed_pdp.pkl,100,single_vehicle_distance_only_ignore_time_windows_capacity_vehicle_count
/root/autodl-tmp/benchmark_sources/pdptw-data/200/lr2_2_9.txt,data/li_lim_relaxed/lr2_2_9_relaxed_pdp.pkl,100,single_vehicle_distance_only_ignore_time_windows_capacity_vehicle_count
/root/autodl-tmp/benchmark_sources/pdptw-data/200/lrc1_2_1.txt,data/li_lim_relaxed/lrc1_2_1_relaxed_pdp.pkl,106,single_vehicle_distance_only_ignore_time_windows_capacity_vehicle_count
/root/autodl-tmp/benchmark_sources/pdptw-data/200/lrc1_2_10.txt,data/li_lim_relaxed/lrc1_2_10_relaxed_pdp.pkl,105,single_vehicle_distance_only_ignore_time_windows_capacity_vehicle_count
/root/autodl-tmp/benchmark_sources/pdptw-data/200/lrc1_2_2.txt,data/li_lim_relaxed/lrc1_2_2_relaxed_pdp.pkl,103,single_vehicle_distance_only_ignore_time_windows_capacity_vehicle_count
/root/autodl-tmp/benchmark_sources/pdptw-data/200/lrc1_2_3.txt,data/li_lim_relaxed/lrc1_2_3_relaxed_pdp.pkl,105,single_vehicle_distance_only_ignore_time_windows_capacity_vehicle_count
/root/autodl-tmp/benchmark_sources/pdptw-data/200/lrc1_2_4.txt,data/li_lim_relaxed/lrc1_2_4_relaxed_pdp.pkl,106,single_vehicle_distance_only_ignore_time_windows_capacity_vehicle_count
/root/autodl-tmp/benchmark_sources/pdptw-data/200/lrc1_2_5.txt,data/li_lim_relaxed/lrc1_2_5_relaxed_pdp.pkl,107,single_vehicle_distance_only_ignore_time_windows_capacity_vehicle_count
/root/autodl-tmp/benchmark_sources/pdptw-data/200/lrc1_2_6.txt,data/li_lim_relaxed/lrc1_2_6_relaxed_pdp.pkl,105,single_vehicle_distance_only_ignore_time_windows_capacity_vehicle_count
/root/autodl-tmp/benchmark_sources/pdptw-data/200/lrc1_2_7.txt,data/li_lim_relaxed/lrc1_2_7_relaxed_pdp.pkl,106,single_vehicle_distance_only_ignore_time_windows_capacity_vehicle_count
/root/autodl-tmp/benchmark_sources/pdptw-data/200/lrc1_2_8.txt,data/li_lim_relaxed/lrc1_2_8_relaxed_pdp.pkl,104,single_vehicle_distance_only_ignore_time_windows_capacity_vehicle_count
/root/autodl-tmp/benchmark_sources/pdptw-data/200/lrc1_2_9.txt,data/li_lim_relaxed/lrc1_2_9_relaxed_pdp.pkl,104,single_vehicle_distance_only_ignore_time_windows_capacity_vehicle_count
/root/autodl-tmp/benchmark_sources/pdptw-data/200/lrc2_2_1.txt,data/li_lim_relaxed/lrc2_2_1_relaxed_pdp.pkl,101,single_vehicle_distance_only_ignore_time_windows_capacity_vehicle_count
/root/autodl-tmp/benchmark_sources/pdptw-data/200/lrc2_2_10.txt,data/li_lim_relaxed/lrc2_2_10_relaxed_pdp.pkl,101,single_vehicle_distance_only_ignore_time_windows_capacity_vehicle_count
/root/autodl-tmp/benchmark_sources/pdptw-data/200/lrc2_2_2.txt,data/li_lim_relaxed/lrc2_2_2_relaxed_pdp.pkl,102,single_vehicle_distance_only_ignore_time_windows_capacity_vehicle_count
/root/autodl-tmp/benchmark_sources/pdptw-data/200/lrc2_2_3.txt,data/li_lim_relaxed/lrc2_2_3_relaxed_pdp.pkl,101,single_vehicle_distance_only_ignore_time_windows_capacity_vehicle_count
/root/autodl-tmp/benchmark_sources/pdptw-data/200/lrc2_2_4.txt,data/li_lim_relaxed/lrc2_2_4_relaxed_pdp.pkl,101,single_vehicle_distance_only_ignore_time_windows_capacity_vehicle_count
/root/autodl-tmp/benchmark_sources/pdptw-data/200/lrc2_2_5.txt,data/li_lim_relaxed/lrc2_2_5_relaxed_pdp.pkl,101,single_vehicle_distance_only_ignore_time_windows_capacity_vehicle_count
/root/autodl-tmp/benchmark_sources/pdptw-data/200/lrc2_2_6.txt,data/li_lim_relaxed/lrc2_2_6_relaxed_pdp.pkl,101,single_vehicle_distance_only_ignore_time_windows_capacity_vehicle_count
/root/autodl-tmp/benchmark_sources/pdptw-data/200/lrc2_2_7.txt,data/li_lim_relaxed/lrc2_2_7_relaxed_pdp.pkl,101,single_vehicle_distance_only_ignore_time_windows_capacity_vehicle_count
/root/autodl-tmp/benchmark_sources/pdptw-data/200/lrc2_2_8.txt,data/li_lim_relaxed/lrc2_2_8_relaxed_pdp.pkl,101,single_vehicle_distance_only_ignore_time_windows_capacity_vehicle_count
/root/autodl-tmp/benchmark_sources/pdptw-data/200/lrc2_2_9.txt,data/li_lim_relaxed/lrc2_2_9_relaxed_pdp.pkl,101,single_vehicle_distance_only_ignore_time_windows_capacity_vehicle_count
