task,status,method,variant,size,distribution,decode,seed,dataset,checkpoint,raw_output,summary_output,command,notes,timestamp
audit,completed,all,all,,,,,,"","","","local audit completed; no reusable checkpoints or raw results found",2026-06-22
remote_access,blocked,all,all,,,,,,"","","","BatchMode key login failed in this session; password was not forwarded through automated commands; key-based or interactive authentication required for missing remote-only artifacts",2026-06-23
unified_test_sets,completed,all,all,"10;20;40;80","clustered;uniform",,10000,data/pdp/unified,"","","scripts/build_unified_test_sets.py","eight 10000-instance shared test sets present locally",2026-06-23
heter_train,completed,Heter,baseline,"10;20;40;80",uniform,,1234,data/pdp/validation,checkpoints/heter,"","","bash scripts/run_heter_main_grid.sh","one completed size-matched checkpoint per required size; reuse only",2026-06-23
heter_main_eval,completed,Heter,baseline,"10;20;40;80","clustered;uniform","Greedy;Sampling-1280;Sampling-12800",10000,data/pdp/unified,checkpoints/heter,results/raw/heter,results/summary/heter_main_results.csv,bash scripts/validate_heter_main_grid.sh,"24 existing files each contain aligned IDs 0..9999; postprocess provenance/timing schema without re-evaluation",2026-06-23
heter_profiling,completed,Heter,baseline,"10;20;40;80","clustered;uniform","Greedy;Sampling-1280;Sampling-12800",10000,data/pdp/unified,checkpoints/heter,results/profiling/heter_runtime_memory.csv,results/profiling/heter_runtime_memory.tex,bash scripts/run_heter_profile_grid.sh,"24 synchronized profiling rows present with warmup, memory, latency, throughput, p95, and total runtime",2026-06-23
heter_li_lim_relaxed,completed,Heter,external,variable,li_lim_relaxed,Greedy,,data/li_lim_relaxed,checkpoints/heter,results/raw/heter_li_lim_relaxed,results/summary/heter_li_lim_relaxed.csv,bash scripts/run_heter_li_lim_relaxed.sh,"116 relaxed local Li&Lim instances evaluated; results grouped as 100-task and 200-task relaxed PDP",2026-06-23
heter_mechanism,completed,Heter,baseline,"10;20;40;80","clustered;uniform","Greedy;Sampling-1280;Sampling-12800",10000,data/pdp/unified,checkpoints/heter,results/stats/heter_route_metrics,results/stats/heter_route_metrics_summary.csv,bash scripts/run_heter_mechanism_analysis.sh,"Heter route metrics completed for 24 files; CAADRL paired artifacts require missing ablation raw CSV sync before manuscript use",2026-06-23
heter_route_visualization,completed,Heter,baseline,40,clustered,Greedy,10000,data/pdp/unified/pdp40_test_clustered_std0.1_seed10000_n10000.pkl,checkpoints/heter,results/raw/heter/heter_pdp40_clustered_greedy.csv,"figures/route_visualization_heter.png;figures/route_visualization_heter.pdf",python scripts/compute_route_metrics.py,"Heter-only route visualization for instance 0; CAADRL-vs-Heter comparison figure still requires aligned CAADRL raw output",2026-06-23
ablation,pending,CAADRL,full,20;40;80,clustered,Greedy;Sampling-1280,10000,data/pdp/unified,checkpoints,results/raw/ablation,results/summary/ablation_results.csv,python run_full.py,"check existing checkpoint before training",2026-06-22
ablation,pending,CAADRL,global-only encoder,20;40;80,clustered,Greedy;Sampling-1280,10000,data/pdp/unified,checkpoints,results/raw/ablation,results/summary/ablation_results.csv,python run_no_enc_cluster.py,"config variant no_enc_cluster",2026-06-22
ablation,pending,CAADRL,cluster-only encoder,20;40;80,clustered,Greedy;Sampling-1280,10000,data/pdp/unified,checkpoints,results/raw/ablation,results/summary/ablation_results.csv,python run_cluster_only.py,"config variant cluster_only",2026-06-22
ablation,pending,CAADRL,single decoder,20;40;80,clustered,Greedy;Sampling-1280,10000,data/pdp/unified,checkpoints,results/raw/ablation,results/summary/ablation_results.csv,python run_no_dec_cluster.py,"config variant no_dec_cluster",2026-06-22
ablation,pending,CAADRL,"w/o gating, average fusion",20;40;80,clustered,Greedy;Sampling-1280,10000,data/pdp/unified,checkpoints,results/raw/ablation,results/summary/ablation_results.csv,python run_avg_fusion.py,"config variant avg_fusion",2026-06-22
ablation,pending,CAADRL,no POMO / single rollout,20;40;80,clustered,Greedy;Sampling-1280,10000,data/pdp/unified,checkpoints,results/raw/ablation,results/summary/ablation_results.csv,python run_no_pomo.py,"config variant no_pomo with pomo_size=1",2026-06-22
local_smoke,completed,all,all,10,"clustered;uniform",Greedy,10000,.smoke_data,"","","python smoke checks","compiled scripts; verified unified-pickle loading, Heter route/timing serialization, Li&Lim-relaxed conversion, paired metrics, and route plotting; temporary files removed",2026-06-23
